{
  "policy": {
    "name": "ec2-reboot-instances",
    "resource": "ec2",
    "query": [
      {
        "instance-state-name": "running"
      }
    ],
    "actions": [
      "reboot"
    ]
  },
  "version": "0.9.17",
  "execution": {
    "id": "e78c8866-0b7a-4c31-b920-abf955e48ccf",
    "start": 1658836625.575472,
    "end_time": 1658836629.4832013,
    "duration": 3.907729148864746
  },
  "config": {
    "region": "us-east-1",
    "regions": [
      "us-east-1"
    ],
    "cache": "",
    "profile": null,
    "account_id": "749812993810",
    "assume_role": null,
    "external_id": null,
    "log_group": null,
    "tracer": "default",
    "metrics_enabled": false,
    "metrics": null,
    "output_dir": "C:\\Users\\Rohit\\custodian\\policy./output",
    "cache_period": 0,
    "dryrun": false,
    "authorization_file": null,
    "skip-validation": true,
    "vars": null,
    "debug": true,
    "assume": "arn:aws:iam::749812993810:role/cloudcustodian_role",
    "configs": [
      "C:\\Users\\Rohit\\custodian\\policy/yaml/ec2-reboot-instances.yml"
    ]
  },
  "sys-stats": {},
  "api-stats": {
    "ec2.DescribeInstances": 1,
    "ec2.RebootInstances": 1
  },
  "metrics": [
    {
      "MetricName": "ResourceCount",
      "Timestamp": "2022-07-26T17:27:08.010471",
      "Value": 1,
      "Unit": "Count"
    },
    {
      "MetricName": "ResourceTime",
      "Timestamp": "2022-07-26T17:27:08.010471",
      "Value": 2.4010167121887207,
      "Unit": "Seconds"
    },
    {
      "MetricName": "ActionTime",
      "Timestamp": "2022-07-26T17:27:09.483201",
      "Value": 1.4697301387786865,
      "Unit": "Seconds"
    }
  ]
}