{
  "policy": {
    "name": "ec2-unoptimized-ebs",
    "resource": "ec2",
    "filters": [
      {
        "type": "instance-attribute",
        "attribute": "ebsOptimized",
        "key": "Value",
        "value": false
      }
    ]
  },
  "version": "0.9.17",
  "execution": {
    "id": "6f8a6b6f-5a1a-4e74-9f39-426ea411230d",
    "start": 1658836277.994369,
    "end_time": 1658836280.9683712,
    "duration": 2.9740021228790283
  },
  "config": {
    "region": "us-east-1",
    "regions": [
      "us-east-1"
    ],
    "cache": "",
    "profile": null,
    "account_id": "749812993810",
    "assume_role": null,
    "external_id": null,
    "log_group": null,
    "tracer": "default",
    "metrics_enabled": false,
    "metrics": null,
    "output_dir": "C:\\Users\\Rohit\\custodian\\policy./output",
    "cache_period": 0,
    "dryrun": false,
    "authorization_file": null,
    "skip-validation": true,
    "vars": null,
    "debug": true,
    "assume": "arn:aws:iam::749812993810:role/cloudcustodian_role",
    "configs": [
      "C:\\Users\\Rohit\\custodian\\policy/yaml/ec2-unoptimized-ebs.yml"
    ]
  },
  "sys-stats": {},
  "api-stats": {
    "ec2.DescribeInstances": 1,
    "ec2.DescribeInstanceAttribute": 1
  },
  "metrics": [
    {
      "MetricName": "ResourceCount",
      "Timestamp": "2022-07-26T17:21:20.963385",
      "Value": 1,
      "Unit": "Count"
    },
    {
      "MetricName": "ResourceTime",
      "Timestamp": "2022-07-26T17:21:20.963385",
      "Value": 2.9380176067352295,
      "Unit": "Seconds"
    },
    {
      "MetricName": "ActionTime",
      "Timestamp": "2022-07-26T17:21:20.968371",
      "Value": 0.0009992122650146484,
      "Unit": "Seconds"
    }
  ]
}