[
  {
    "AmiLaunchIndex": 0,
    "ImageId": "ami-0cff7528ff583bf9a",
    "InstanceId": "i-03fa7c4a9eefedcfa",
    "InstanceType": "t2.nano",
    "LaunchTime": "2022-07-26T10:45:18+00:00",
    "Monitoring": {
      "State": "disabled"
    },
    "Placement": {
      "AvailabilityZone": "us-east-1c",
      "GroupName": "",
      "Tenancy": "default"
    },
    "PrivateDnsName": "ip-172-31-60-141.ec2.internal",
    "PrivateIpAddress": "172.31.60.141",
    "ProductCodes": [],
    "PublicDnsName": "ec2-54-152-77-200.compute-1.amazonaws.com",
    "PublicIpAddress": "54.152.77.200",
    "State": {
      "Code": 16,
      "Name": "running"
    },
    "StateTransitionReason": "",
    "SubnetId": "subnet-d8c182f3",
    "VpcId": "vpc-03798a67",
    "Architecture": "x86_64",
    "BlockDeviceMappings": [
      {
        "DeviceName": "/dev/xvda",
        "Ebs": {
          "AttachTime": "2022-07-25T07:18:03+00:00",
          "DeleteOnTermination": true,
          "Status": "attached",
          "VolumeId": "vol-0f03282bf80b92483"
        }
      }
    ],
    "ClientToken": "",
    "EbsOptimized": false,
    "EnaSupport": true,
    "Hypervisor": "xen",
    "NetworkInterfaces": [
      {
        "Association": {
          "IpOwnerId": "amazon",
          "PublicDnsName": "ec2-54-152-77-200.compute-1.amazonaws.com",
          "PublicIp": "54.152.77.200"
        },
        "Attachment": {
          "AttachTime": "2022-07-25T07:18:02+00:00",
          "AttachmentId": "eni-attach-03b6d4636da93e677",
          "DeleteOnTermination": true,
          "DeviceIndex": 0,
          "Status": "attached",
          "NetworkCardIndex": 0
        },
        "Description": "",
        "Groups": [
          {
            "GroupName": "launch-wizard-1",
            "GroupId": "sg-07ca33b7aa5a7297a"
          }
        ],
        "Ipv6Addresses": [],
        "MacAddress": "12:d3:f9:5b:bc:ff",
        "NetworkInterfaceId": "eni-0b29b3ea6c08473d5",
        "OwnerId": "749812993810",
        "PrivateDnsName": "ip-172-31-60-141.ec2.internal",
        "PrivateIpAddress": "172.31.60.141",
        "PrivateIpAddresses": [
          {
            "Association": {
              "IpOwnerId": "amazon",
              "PublicDnsName": "ec2-54-152-77-200.compute-1.amazonaws.com",
              "PublicIp": "54.152.77.200"
            },
            "Primary": true,
            "PrivateDnsName": "ip-172-31-60-141.ec2.internal",
            "PrivateIpAddress": "172.31.60.141"
          }
        ],
        "SourceDestCheck": true,
        "Status": "in-use",
        "SubnetId": "subnet-d8c182f3",
        "VpcId": "vpc-03798a67",
        "InterfaceType": "interface"
      }
    ],
    "RootDeviceName": "/dev/xvda",
    "RootDeviceType": "ebs",
    "SecurityGroups": [
      {
        "GroupName": "launch-wizard-1",
        "GroupId": "sg-07ca33b7aa5a7297a"
      }
    ],
    "SourceDestCheck": true,
    "Tags": [
      {
        "Key": "Custodian-Testing",
        "Value": "Custodian-Testing"
      },
      {
        "Key": "Name",
        "Value": "Cloud Custodian"
      }
    ],
    "VirtualizationType": "hvm",
    "CpuOptions": {
      "CoreCount": 1,
      "ThreadsPerCore": 1
    },
    "CapacityReservationSpecification": {
      "CapacityReservationPreference": "open"
    },
    "HibernationOptions": {
      "Configured": false
    },
    "MetadataOptions": {
      "State": "applied",
      "HttpTokens": "optional",
      "HttpPutResponseHopLimit": 1,
      "HttpEndpoint": "enabled",
      "HttpProtocolIpv6": "disabled",
      "InstanceMetadataTags": "disabled"
    },
    "EnclaveOptions": {
      "Enabled": false
    },
    "PlatformDetails": "Linux/UNIX",
    "UsageOperation": "RunInstances",
    "UsageOperationUpdateTime": "2022-07-25T07:18:02+00:00",
    "PrivateDnsNameOptions": {
      "HostnameType": "ip-name",
      "EnableResourceNameDnsARecord": true,
      "EnableResourceNameDnsAAAARecord": false
    },
    "MaintenanceOptions": {
      "AutoRecovery": "default"
    },
    "c7n:attribute-ebsOptimized": {
      "Value": false
    }
  }
]